Workbook

Sheet Priority list
A1: LibreCarve priority list: features rivals have that LibreCarve lacks
A2: Rule: items 1-3 gate the alpha. After that, order by how many of the 8 rival products have the feature (Yes = 1, Partial = 0.5), then by plan phase. Blue cells are for you to edit. Source of status: the Matrix sheet.
A4: # | B4: Item | C4: LibreCarve now | D4: Rivals with it (of 8) | E4: Plan phase | F4: Work status | G4: Notes
A5: 1 | B5: Real cut on the Onefinity Woodworker in MDF; confirm the T1 and M0 prompts on the controller | C5: Alpha gate | D5: - | E5: 0 | F5: Done | G5: Real cut done 2026-10-16 on the Onefinity. The bit-change (T1/M0) height was too low; it is now a setting (variable), so the condition is cleared.
A6: 2 | B6: Find out whether the 48 Verify violations in the demo job (of 360,957 points) are real gouges | C6: Alpha gate | D6: - | E6: 0 | F6: Done | G6: The violations were real gouges, fixed by #57; the demo job now verifies with 0 violations and has a regression test (PR #111).
A7: 3 | B7: An installable build and a way for testers to report problems | C7: Alpha gate | D7: - | E7: 0 | F7: Done | G7: PR #108 merged 2026-10-16: Linux release workflow, installer, issue forms, INSTALL.md. Fully done after the first tagged release (v0.1.2) builds.
A8: 92 | B8: Relief jobs must look like the carve: the canvas and the SVG, PNG and PDF exports show the shaded relief (the simulated result), not a mess of scan lines | C8: Done | D8: - | E8: Usability | F8: Done | G8: Done. Merged in PR #186 (2026-10-22): the canvas and the SVG, PNG and PDF exports show the shaded relief; scan lines are hidden unless Show path is ticked. Reviewed: canvas and PNG export look like the carve. Stale help lines corrected; help page now explains the three stages of the picture (PR #189).
A9: 93 | B9: Relief toolpaths must pass Verify: the finish and rough passes of a picture relief fail by up to 0.0016 inch, so no G-code can be posted | C9: Done | D9: - | E9: Safety | F9: Done | G9: Done. Merged in PR #185 (2026-10-22). Cause: the generated path used cell heights at sampled points while the checker read the surface between them. Fixed by clearing the cell heights between sampled points; the checker was not loosened. Checked on the owner's machine 2026-10-22: the Desert job (rough + 60 degree V-bit finish) verifies with 1,478,216 points checked and 0 violations.
A10: 94 | B10: The canvas render of a relief must look like the carve (shaded, like the Simulation top view), live, with scan lines hidden unless chosen | C10: Done | D10: - | E10: Usability | F10: Done | G10: Done. Merged with item 92 in PR #186. Pass met: on the Desert job the canvas reads as the carved picture, and the owner confirmed it looks right (2026-10-22). The picture changes as the job grows (height map, then rough simulation, then finish simulation); documented in PR #189.
A11: 95 | B11: Automatic depth mapping and one-step photo carving: auto tone, trim, depth fit to the stock, a Photo to relief recipe (rough + finish + verify + simulate), then AI depth from an ordinary photo (local ONNX model, Depth Anything V2 Small) | C11: Partial | D11: - | E11: Usability | F11: In progress | G11: Owner request 2026-10-21 after hand-building the Desert carve. Stage A merged in PR #187 (2026-10-22): tone "auto", border trim, depth "fit", job.photo recipe and the Photo to Relief form; it never posts. Now verifies cleanly since PR #185. Stage B (AI depth from an ordinary photo) is NOT started: local depth model via ort (MIT/Apache), model not committed, explicit download, Depth Anything V2 Small only (Apache-2.0; Base and Large are non-commercial). Corner watermarks still need an explicit crop (not automatic). Stays In progress until Stage B.
A12: 88 | B12: Show the material in the design window, with the zero point marked, so a design can be placed on it | C12: Not started | D12: - | E12: Usability | F12: Done | G12: PR #174 merged 2026-10-19: stock rectangle and zero-point marker drawn in the design window.
A13: 89 | B13: Job setup first: material size, thickness and the zero point (a material corner, the centre, or the spoilboard) | C13: Partial | D13: - | E13: Usability | F13: Done | G13: PR #174 merged 2026-10-19: Material Setup entry, spoilboard zero, palette buttons disabled with no material.
A14: 90 | B14: Import a complex drawing as one grouped object, so it resizes as one; ungroup to edit | C14: Not started | D14: - | E14: Usability | F14: Done | G14: PR #172 merged 2026-10-19: grouped import on by default (group:false turns it off); resize as one, Ungroup to edit; locked groups and hostile input guarded.
A15: 91 | B15: 3D simulation view: zoom with the mouse wheel (and pan) | C15: Not started | D15: - | E15: Usability | F15: Done | G15: PR #173 merged 2026-10-19: wheel and pinch zoom, middle/right/Shift drag pan in the 3D simulation view.
A16: 4 | B16: =Matrix!A68 -> Machine profiles and setup wizard | C16: =Matrix!C68 -> Partial | D16: =COUNTIF(Matrix!D68:K68,"Yes")+0.5*COUNTIF(Matrix!D68:K68,"Partial") -> 7 | E16: Not set | F16: Done | G16: Machine Setup window, profiles, limit checks and Onefinity models are built. Homing, soft limits, steps per mm and probe calibration are out of scope on purpose (they stay on the machine's controller). PR #132 merged 2026-10-16 after an Opus review and a rebase over multi-sheet: six-step Machine Setup Wizard (Toolpaths menu, Machine Setup window, first-run prompt) and cam.machine.wizard for agents; saves through cam.machine; profiles gain safe_z and bit_change_z. Opus-reviewed. Left: translations, default the first step to the job machine when it came from an unsaved preset.
A17: 5 | B17: =Matrix!A66 -> Post-processor library | C17: =Matrix!C66 -> Partial | D17: =COUNTIF(Matrix!D66:K66,"Yes")+0.5*COUNTIF(Matrix!D66:K66,"Partial") -> 7 | E17: 1 | F17: Done | G17: PR #109 merged 2026-10-16: data-driven post library (onefinity, grbl, grbl-manual, linuxcnc, mach, marlin, generic), unsafe definitions refused, Opus-reviewed. Not yet run on a real controller other than the Onefinity.
A18: 6 | B18: =Matrix!A55 -> 3D roughing and finishing of a model | C18: =Matrix!C55 -> Planned | D18: =COUNTIF(Matrix!D55:K55,"Yes")+0.5*COUNTIF(Matrix!D55:K55,"Partial") -> 6 | E18: 1 | F18: In progress | G18: PR #126 merged 2026-10-16: z_level roughing, offset finishing, independent gouge checker, rough default-pass bug fixed, finish stepover reported correctly. Still missing: multi-tool rest finishing, depth-first roughing, projecting 2D toolpaths onto the surface.
A19: 7 | B19: =Matrix!A10 -> Node editing and Bezier curves | C19: =Matrix!C10 -> Partial | D19: =COUNTIF(Matrix!D10:K10,"Yes")+0.5*COUNTIF(Matrix!D10:K10,"Partial") -> 6 | E19: 1 | F19: Done | G19: PR #127 merged 2026-10-16: node editing mode, Bezier tool, node.* commands, new librecarve-nodes crate, Opus-reviewed. Left: bend a span by dragging, join open ends, translations.
A20: 8 | B20: =Matrix!A27 -> STL, OBJ and 3MF mesh import | C20: =Matrix!C27 -> Partial | D20: =COUNTIF(Matrix!D27:K27,"Yes")+0.5*COUNTIF(Matrix!D27:K27,"Partial") -> 6 | E20: 1 | F20: In progress | G20: Imports as a height map and embeds in the stock; an Import 3D Model window is in review
A21: 9 | B21: =Matrix!A43 -> Pocket extras: raster clearing, wall finish, fewer retracts | C21: =Matrix!C43 -> Planned | D21: =COUNTIF(Matrix!D43:K43,"Yes")+0.5*COUNTIF(Matrix!D43:K43,"Partial") -> 5.5 | E21: 1 | F21: Done | G21: PR #124 merged 2026-10-16: raster clearing, wall finish pass, fewer retracts (all off by default), Opus-reviewed. Left: helical entry, a cap on large finish stock.
A22: 10 | B22: =Matrix!A35 -> Rotary (4th axis) wrapping | C22: =Matrix!C35 -> Planned | D22: =COUNTIF(Matrix!D35:K35,"Yes")+0.5*COUNTIF(Matrix!D35:K35,"Partial") -> 4.5 | E22: 1 | F22: In progress | G22: Paused, work in a worktree, no PR yet.
A23: 11 | B23: =Matrix!A33 -> Several sheets or setups in one job | C23: =Matrix!C33 -> Planned | D23: =COUNTIF(Matrix!D33:K33,"Yes")+0.5*COUNTIF(Matrix!D33:K33,"Partial") -> 5 | E23: 1 | F23: Done | G23: PR #125 merged 2026-10-16: several sheets per job (cam.setup.*), per-sheet verify, simulate and G-code with a safe sheet change, rebased over the post library and Opus-reviewed. Left: assign shapes to sheets automatically, nesting, copy a sheet with its toolpaths.
A24: 12 | B24: =Matrix!A51 -> Chamfer and countersink toolpaths | C24: =Matrix!C51 -> Planned | D24: =COUNTIF(Matrix!D51:K51,"Yes")+0.5*COUNTIF(Matrix!D51:K51,"Partial") -> 5 | E24: 2 | F24: Done | G24: Merged (PR 151) after Opus review, fix: ring countersink move cap. Library now 47 tools. Open: climb direction convention may be reversed in all strategies (needs decision); not cut on a real machine.
A25: 13 | B25: =Matrix!A45 -> Thread milling | C25: =Matrix!C45 -> Planned | D25: =COUNTIF(Matrix!D45:K45,"Yes")+0.5*COUNTIF(Matrix!D45:K45,"Partial") -> 5 | E25: 2 | F25: Done | G25: Merged (PR 152) after Opus review, 2 fixes (sub-pitch thread coverage, verify floor). Open: feed is at tool center so the cutting edge runs faster in small holes; not tested on a real machine.
A26: 14 | B26: =Matrix!A20 -> Image tracing to vectors (form and button done; wasm picture picker still to do) | C26: =Matrix!C20 -> Done | D26: =COUNTIF(Matrix!D20:K20,"Yes")+0.5*COUNTIF(Matrix!D20:K20,"Partial") -> 5.5 | E26: 1 | F26: Done | G26: Trace picture form and button landed (item 14, commit b0d4f63). The wasm picture picker is still to do.
A27: 15 | B27: =Matrix!A34 -> Two-sided jobs with a flip | C27: =Matrix!C34 -> Partial | D27: =COUNTIF(Matrix!D34:K34,"Yes")+0.5*COUNTIF(Matrix!D34:K34,"Partial") -> 4.5 | E27: 1 | F27: Done | G27: Merged (PR 150) after Opus review. Fixes: verify grid for large stock, hatch/raster angle mirror, thread and countersink hole mirror, unsafe spoilboard warning. Open: pause does not name the sheet, one-plunge pin holes; not cut on a real machine.
A28: 16 | B28: =Matrix!A74 -> Toolpath templates, merged toolpaths, setup sheets | C28: =Matrix!C74 -> Planned | D28: =COUNTIF(Matrix!D74:K74,"Yes")+0.5*COUNTIF(Matrix!D74:K74,"Partial") -> 4.5 | E28: 2 | F28: In progress | G28: Built in a worktree, no PR yet.
A29: 17 | B29: =Matrix!A52 -> True-shape nesting | C29: =Matrix!C52 -> Planned | D29: =COUNTIF(Matrix!D52:K52,"Yes")+0.5*COUNTIF(Matrix!D52:K52,"Partial") -> 4.5 | E29: 2 | F29: Done | G29: Merged (PR 149); reviewed, 4 fixes (time limit, memory guard, setup limit).
A30: 18 | B30: =Matrix!A48 -> V-carve flat bottom with a second tool | C30: =Matrix!C48 -> Partial | D30: =COUNTIF(Matrix!D48:K48,"Yes")+0.5*COUNTIF(Matrix!D48:K48,"Partial") -> 3.5 | E30: 1 | F30: In progress | G30: Flat bottom with a second tool is built; still to do: several passes, start points, joined runs, smoothing, auto-weld
A31: 19 | B31: =Matrix!A49 -> Inlay (plug and pocket that fit) | C31: =Matrix!C49 -> Planned | D31: =COUNTIF(Matrix!D49:K49,"Yes")+0.5*COUNTIF(Matrix!D49:K49,"Partial") -> 3.5 | E31: 2 | F31: Not started
A32: 20 | B32: =Matrix!A28 -> STEP and IGES import | C32: =Matrix!C28 -> Planned | D32: =COUNTIF(Matrix!D28:K28,"Yes")+0.5*COUNTIF(Matrix!D28:K28,"Partial") -> 3 | E32: 4 | F32: Not started
A33: 21 | B33: =Matrix!A21 -> Bitmap tools: brightness, contrast, crop | C33: =Matrix!C21 -> Partial | D33: =COUNTIF(Matrix!D21:K21,"Yes")+0.5*COUNTIF(Matrix!D21:K21,"Partial") -> 2.5 | E33: 1 | F33: Done | G33: Merged (PR 155), written by Nemotron, Opus review found 5 bugs and missing tests, all fixed. Brightness, contrast, gamma, crop, rotate, flip before trace. Open: form uses number fields, not sliders.
A34: 22 | B34: =Matrix!A26 -> EPS, AI and PDF import | C34: =Matrix!C26 -> Planned | D34: =COUNTIF(Matrix!D26:K26,"Yes")+0.5*COUNTIF(Matrix!D26:K26,"Partial") -> 2.5 | E34: 1 | F34: Done | G34: PR 147 open, in review. Tester report fixed: large SVG no longer refused ("path has too many segments"), PR 148 merged after Opus review (2 fixes: corner accuracy, join order). PDF, AI and EPS import merged (PR 147), Opus review fixed compound paths, curve operators, page size, memory blowups and a panic. Unicode-3.0 license approved. Open: EPS from Inkscape/cairo (short procedure names) imports nothing; PDF form XObjects skipped with a warning.
A35: 23 | B35: =Matrix!A69 -> Send to the machine from inside the program | C35: =Matrix!C69 -> Partial | D35: =COUNTIF(Matrix!D69:K69,"Yes")+0.5*COUNTIF(Matrix!D69:K69,"Partial") -> 2.5 | E35: 1 | F35: Conditionally approved | G35: PR #135 merged 2026-10-16 after an Opus safety review: Onefinity file upload (never starts the job) and GRBL serial streaming, Send to Machine window with three confirmations, verify required on every sheet, agents can only dry-run. Tested against fakes only. Done after a real air cut: confirm which upload address the Onefinity firmware accepts, and the GRBL pause and Continue.
A36: 24 | B36: =Matrix!A76 -> Cabinet workflow: labels, drill banks, cabinet import | C36: =Matrix!C76 -> Planned | D36: =COUNTIF(Matrix!D76:K76,"Yes")+0.5*COUNTIF(Matrix!D76:K76,"Partial") -> 2.5 | E36: 2 | F36: Not started
A37: 25 | B37: =Matrix!A19 -> Text on a curve, kerning, spell check | C37: =Matrix!C19 -> Partial | D37: =COUNTIF(Matrix!D19:K19,"Yes")+0.5*COUNTIF(Matrix!D19:K19,"Partial") -> 2 | E37: 1 | F37: In progress | G37: Text on a curve and kerning merged (PR #144, 31 tests). Still to do: spell check.
A38: 45 | B38: =Matrix!A89 -> Multi-tool rest clearing | C38: =Matrix!C89 -> Planned | D38: =COUNTIF(Matrix!D89:K89,"Yes")+0.5*COUNTIF(Matrix!D89:K89,"Partial") -> 2 | E38: 1c | F38: Done | G38: PR #164 merged 2026-10-19: stacked V-carve with per-tool pass depth and stepover winning over the global values.
A39: 26 | B39: =Matrix!A50 -> Fluting, texture, raised prism, moulding | C39: =Matrix!C50 -> Planned | D39: =COUNTIF(Matrix!D50:K50,"Yes")+0.5*COUNTIF(Matrix!D50:K50,"Partial") -> 2 | E39: 2 | F39: Not started
A40: 27 | B40: =Matrix!A75 -> Laser output and hybrid CNC/laser jobs | C40: =Matrix!C75 -> Planned | D40: =COUNTIF(Matrix!D75:K75,"Yes")+0.5*COUNTIF(Matrix!D75:K75,"Partial") -> 1.5 | E40: 4 | F40: Not started
A41: 28 | B41: =Matrix!A56 -> Relief modelling: components, shapes, sculpting (Aspire) | C41: =Matrix!C56 -> Planned | D41: =COUNTIF(Matrix!D56:K56,"Yes")+0.5*COUNTIF(Matrix!D56:K56,"Partial") -> 1.5 | E41: 3 | F41: Not started
A42: 29 | B42: =Matrix!A57 -> Lithophane and photo carving | C42: =Matrix!C57 -> Partial | D42: =COUNTIF(Matrix!D57:K57,"Yes")+0.5*COUNTIF(Matrix!D57:K57,"Partial") -> 1 | E42: 3 | F42: Not started
A43: 30 | B43: =Matrix!A116 -> 2D/3D view tabs; 3D view with live simulation, orbit and scrubbing | C43: =Matrix!C116 -> Planned | D43: =COUNTIF(Matrix!D116:K116,"Yes")+0.5*COUNTIF(Matrix!D116:K116,"Partial") -> 0 | E43: 0 | F43: Not started | G43: Planned, not rival-driven (no rival data yet) Tester feedback 2026-10-19: the carved result should show in the main window with the material and the SVG shapes, as in other CNC programs, not only in a separate window. Moved up next to items 88 to 91.
A44: 31 | B44: =Matrix!A80 -> Crash and event log file, so an unexpected quit can be traced without terminal output | C44: =Matrix!C80 -> Planned | D44: =COUNTIF(Matrix!D80:K80,"Yes")+0.5*COUNTIF(Matrix!D80:K80,"Partial") -> 0 | E44: 0 | F44: Not started | G44: Planned, not rival-driven (no rival data yet)
A45: 32 | B45: =Matrix!A79 -> Measure real move times and set the acceleration default | C45: =Matrix!C79 -> Planned | D45: =COUNTIF(Matrix!D79:K79,"Yes")+0.5*COUNTIF(Matrix!D79:K79,"Partial") -> 0 | E45: 0 | F45: Not started | G45: Planned, not rival-driven (no rival data yet)
A46: 33 | B46: =Matrix!A109 -> Any number of 3D models per job; orient and segment them | C46: =Matrix!C109 -> Planned | D46: =COUNTIF(Matrix!D109:K109,"Yes")+0.5*COUNTIF(Matrix!D109:K109,"Partial") -> 0 | E46: 1d | F46: Not started | G46: Planned, not rival-driven (no rival data yet)
A47: 34 | B47: =Matrix!A84 -> Approval gate: a human releases the G-code file | C47: =Matrix!C84 -> Done | D47: =COUNTIF(Matrix!D84:K84,"Yes")+0.5*COUNTIF(Matrix!D84:K84,"Partial") -> 0 | E47: 1f | F47: Done | G47: Merged (PR #145): job.run with a machine post stops at awaiting_approval; job.approve releases the file; send commands are dry runs; end-to-end MCP test.
A48: 35 | B48: =Matrix!A90 -> Auto-inlay | C48: =Matrix!C90 -> Planned | D48: =COUNTIF(Matrix!D90:K90,"Yes")+0.5*COUNTIF(Matrix!D90:K90,"Partial") -> 0 | E48: 1c | F48: Not started | G48: Planned, not rival-driven (no rival data yet)
A49: 36 | B49: =Matrix!A118 -> Choose which toolpaths to simulate; show the picture in the app | C49: =Matrix!C118 -> Planned | D49: =COUNTIF(Matrix!D118:K118,"Yes")+0.5*COUNTIF(Matrix!D118:K118,"Partial") -> 0 | E49: 1e | F49: Not started | G49: Planned, not rival-driven (no rival data yet)
A50: 37 | B50: =Matrix!A110 -> Clipart browser and starter library | C50: =Matrix!C110 -> Planned | D50: =COUNTIF(Matrix!D110:K110,"Yes")+0.5*COUNTIF(Matrix!D110:K110,"Partial") -> 0 | E50: 1e | F50: Not started | G50: Planned, not rival-driven (no rival data yet)
A51: 38 | B51: =Matrix!A107 -> Close and join an outline from the drawing UI | C51: =Matrix!C107 -> Planned | D51: =COUNTIF(Matrix!D107:K107,"Yes")+0.5*COUNTIF(Matrix!D107:K107,"Partial") -> 0 | E51: 1a | F51: Not started | G51: Planned, not rival-driven (no rival data yet)
A52: 39 | B52: =Matrix!A105 -> Distort and rotated-bounds transforms | C52: =Matrix!C105 -> Planned | D52: =COUNTIF(Matrix!D105:K105,"Yes")+0.5*COUNTIF(Matrix!D105:K105,"Partial") -> 0 | E52: 1a | F52: Not started | G52: Planned, not rival-driven (no rival data yet)
A53: 40 | B53: =Matrix!A108 -> EPS and AI export | C53: =Matrix!C108 -> Planned | D53: =COUNTIF(Matrix!D108:K108,"Yes")+0.5*COUNTIF(Matrix!D108:K108,"Partial") -> 0 | E53: 1b | F53: Not started | G53: Planned, not rival-driven (no rival data yet)
A54: 41 | B54: =Matrix!A83 -> End-to-end test of a whole job through MCP and the scripted CLI | C54: =Matrix!C83 -> Planned | D54: =COUNTIF(Matrix!D83:K83,"Yes")+0.5*COUNTIF(Matrix!D83:K83,"Partial") -> 0 | E54: 1f | F54: Not started | G54: Planned, not rival-driven (no rival data yet)
A55: 42 | B55: =Matrix!A81 -> Exact (non-sampled) gouge check | C55: =Matrix!C81 -> Planned | D55: =COUNTIF(Matrix!D81:K81,"Yes")+0.5*COUNTIF(Matrix!D81:K81,"Partial") -> 0 | E55: 1 | F55: Not started | G55: Planned, not rival-driven (no rival data yet)
A56: 43 | B56: =Matrix!A82 -> G-code parser for golden tests (every post lifts Z before XY) | C56: =Matrix!C82 -> Planned | D56: =COUNTIF(Matrix!D82:K82,"Yes")+0.5*COUNTIF(Matrix!D82:K82,"Partial") -> 0 | E56: 1 | F56: Done | G56: PR #181 merged 2026-10-21 (written by a local model, Opus-reviewed 4 rounds): public G-code reader and safety checker (crates/post/src/gcode.rs), cam.check_gcode, help page. Anything it cannot read with certainty is reported unproven, so ok:true is trustworthy; G28/G30/probing/subroutines/other-program files report unproven. Follow-ups: unknown codes before the first move should be unproven too; pause-text rule flags plain English like 'to 1'.
A57: 44 | B57: =Matrix!A119 -> Hatch preview that stays visible; Drawing Recovery; highlight the active drawing tool | C57: =Matrix!C119 -> Planned | D57: =COUNTIF(Matrix!D119:K119,"Yes")+0.5*COUNTIF(Matrix!D119:K119,"Partial") -> 0 | E57: 1 | F57: Not started | G57: Planned, not rival-driven (no rival data yet)
A58: 46 | B58: =Matrix!A104 -> Node editing across many vectors | C58: =Matrix!C104 -> Planned | D58: =COUNTIF(Matrix!D104:K104,"Yes")+0.5*COUNTIF(Matrix!D104:K104,"Partial") -> 0 | E58: 1a | F58: Not started | G58: Planned, not rival-driven (no rival data yet)
A59: 47 | B59: =Matrix!A117 -> On-canvas Text prompt | C59: =Matrix!C117 -> Planned | D59: =COUNTIF(Matrix!D117:K117,"Yes")+0.5*COUNTIF(Matrix!D117:K117,"Partial") -> 0 | E59: 1b | F59: Not started | G59: Planned, not rival-driven (no rival data yet)
A60: 48 | B60: =Matrix!A120 -> Packaging with LibreCarve ids and file names (CADCraft names remain) | C60: =Matrix!C120 -> Planned | D60: =COUNTIF(Matrix!D120:K120,"Yes")+0.5*COUNTIF(Matrix!D120:K120,"Partial") -> 0 | E60: 1e | F60: Not started | G60: Planned, not rival-driven (no rival data yet)
A61: 49 | B61: =Matrix!A91 -> PhotoVCarving | C61: =Matrix!C91 -> Planned | D61: =COUNTIF(Matrix!D91:K91,"Yes")+0.5*COUNTIF(Matrix!D91:K91,"Partial") -> 0 | E61: 1c | F61: Not started | G61: Planned, not rival-driven (no rival data yet)
A62: 50 | B62: =Matrix!A111 -> Printing and standard sheet templates | C62: =Matrix!C111 -> Planned | D62: =COUNTIF(Matrix!D111:K111,"Yes")+0.5*COUNTIF(Matrix!D111:K111,"Partial") -> 0 | E62: 1e | F62: Not started | G62: Planned, not rival-driven (no rival data yet)
A63: 51 | B63: =Matrix!A87 -> Profile extras: last-pass allowance, square corners, open-vector sides, start points | C63: =Matrix!C87 -> Planned | D63: =COUNTIF(Matrix!D87:K87,"Yes")+0.5*COUNTIF(Matrix!D87:K87,"Partial") -> 0 | E63: 1c | F63: Not started | G63: Planned, not rival-driven (no rival data yet)
A64: 52 | B64: =Matrix!A92 -> Project 2D toolpaths onto a 3D surface | C64: =Matrix!C92 -> Planned | D64: =COUNTIF(Matrix!D92:K92,"Yes")+0.5*COUNTIF(Matrix!D92:K92,"Partial") -> 0 | E64: 1d | F64: Not started | G64: Planned, not rival-driven (no rival data yet)
A65: 53 | B65: =Matrix!A93 -> Sketch carving | C65: =Matrix!C93 -> Planned | D65: =COUNTIF(Matrix!D93:K93,"Yes")+0.5*COUNTIF(Matrix!D93:K93,"Partial") -> 0 | E65: 1d | F65: Not started | G65: Planned, not rival-driven (no rival data yet)
A66: 54 | B66: =Matrix!A103 -> Smart snapping to extensions and guidelines | C66: =Matrix!C103 -> Planned | D66: =COUNTIF(Matrix!D103:K103,"Yes")+0.5*COUNTIF(Matrix!D103:K103,"Partial") -> 0 | E66: 1a | F66: Not started | G66: Planned, not rival-driven (no rival data yet)
A67: 55 | B67: =Matrix!A101 -> Star, freehand and polyline drawing; reopen a shape's form | C67: =Matrix!C101 -> Planned | D67: =COUNTIF(Matrix!D101:K101,"Yes")+0.5*COUNTIF(Matrix!D101:K101,"Partial") -> 0 | E67: 1a | F67: Not started | G67: Planned, not rival-driven (no rival data yet)
A68: 56 | B68: =Matrix!A114 -> Support for more controllers (Mach3/4, LinuxCNC, UCCNC, Masso, Centroid), with a post template language | C68: =Matrix!C114 -> Planned | D68: =COUNTIF(Matrix!D114:K114,"Yes")+0.5*COUNTIF(Matrix!D114:K114,"Partial") -> 0 | E68: 1 | F68: Not started | G68: Planned, not rival-driven (no rival data yet)
A69: 57 | B69: =Matrix!A85 -> Tool and feed selection by command | C69: =Matrix!C85 -> Planned | D69: =COUNTIF(Matrix!D85:K85,"Yes")+0.5*COUNTIF(Matrix!D85:K85,"Partial") -> 0 | E69: 1f | F69: Not started | G69: Planned, not rival-driven (no rival data yet)
A70: 58 | B70: =Matrix!A94 -> Toolpath tiling and batch toolpath saving | C70: =Matrix!C94 -> Planned | D70: =COUNTIF(Matrix!D94:K94,"Yes")+0.5*COUNTIF(Matrix!D94:K94,"Partial") -> 0 | E70: 1e | F70: Not started | G70: Planned, not rival-driven (no rival data yet)
A71: 59 | B71: =Matrix!A88 -> V-carve extras: several passes, start points, joined runs, smoothing, auto-weld, multi-tool | C71: =Matrix!C88 -> Planned | D71: =COUNTIF(Matrix!D88:K88,"Yes")+0.5*COUNTIF(Matrix!D88:K88,"Partial") -> 0 | E71: 1c | F71: Not started | G71: Planned, not rival-driven (no rival data yet)
A72: 60 | B72: =Matrix!A106 -> Vector texture generator | C72: =Matrix!C106 -> Planned | D72: =COUNTIF(Matrix!D106:K106,"Yes")+0.5*COUNTIF(Matrix!D106:K106,"Partial") -> 0 | E72: 1a | F72: Not started | G72: Planned, not rival-driven (no rival data yet)
A73: 61 | B73: =Matrix!A102 -> Weld and boolean directly on polylines; drag-snip; trim to a boundary | C73: =Matrix!C102 -> Planned | D73: =COUNTIF(Matrix!D102:K102,"Yes")+0.5*COUNTIF(Matrix!D102:K102,"Partial") -> 0 | E73: 1a | F73: Not started | G73: Planned, not rival-driven (no rival data yet)
A74: 62 | B74: =Matrix!A96 -> Array copy toolpath | C74: =Matrix!C96 -> Planned | D74: =COUNTIF(Matrix!D96:K96,"Yes")+0.5*COUNTIF(Matrix!D96:K96,"Partial") -> 0 | E74: 2 | F74: Not started | G74: Planned, not rival-driven (no rival data yet)
A75: 63 | B75: =Matrix!A100 -> Controller cutter compensation (G41/G42) | C75: =Matrix!C100 -> Planned | D75: =COUNTIF(Matrix!D100:K100,"Yes")+0.5*COUNTIF(Matrix!D100:K100,"Partial") -> 0 | E75: 2 | F75: Not started | G75: Planned, not rival-driven (no rival data yet)
A76: 64 | B76: =Matrix!A95 -> Drill-bank toolpaths | C76: =Matrix!C95 -> Planned | D76: =COUNTIF(Matrix!D95:K95,"Yes")+0.5*COUNTIF(Matrix!D95:K95,"Partial") -> 0 | E76: 2 | F76: Not started | G76: Planned, not rival-driven (no rival data yet)
A77: 65 | B77: =Matrix!A99 -> Gadget scripting (Rhai or Lua) | C77: =Matrix!C99 -> Planned | D77: =COUNTIF(Matrix!D99:K99,"Yes")+0.5*COUNTIF(Matrix!D99:K99,"Partial") -> 0 | E77: 2 | F77: Not started | G77: Planned, not rival-driven (no rival data yet)
A78: 66 | B78: =Matrix!A97 -> Keep-out zones that rapids route around | C78: =Matrix!C97 -> Planned | D78: =COUNTIF(Matrix!D97:K97,"Yes")+0.5*COUNTIF(Matrix!D97:K97,"Partial") -> 0 | E78: 2 | F78: Not started | G78: Planned, not rival-driven (no rival data yet)
A79: 67 | B79: =Matrix!A98 -> Production plate engraving from CSV | C79: =Matrix!C98 -> Planned | D79: =COUNTIF(Matrix!D98:K98,"Yes")+0.5*COUNTIF(Matrix!D98:K98,"Partial") -> 0 | E79: 2 | F79: Not started | G79: Planned, not rival-driven (no rival data yet)
A80: 68 | B80: =Matrix!A123 -> 3D textures and texture area tiling | C80: =Matrix!C123 -> Planned | D80: =COUNTIF(Matrix!D123:K123,"Yes")+0.5*COUNTIF(Matrix!D123:K123,"Partial") -> 0 | E80: 3b | F80: Not started | G80: Planned, not rival-driven (no rival data yet)
A81: 69 | B81: =Matrix!A128 -> AI depth estimation from an ordinary photo | C81: =Matrix!C128 -> Planned | D81: =COUNTIF(Matrix!D128:K128,"Yes")+0.5*COUNTIF(Matrix!D128:K128,"Partial") -> 0 | E81: 3e | F81: Not started | G81: Planned, not rival-driven (no rival data yet)
A82: 70 | B82: =Matrix!A126 -> Drawing and editing in the 3D view | C82: =Matrix!C126 -> Planned | D82: =COUNTIF(Matrix!D126:K126,"Yes")+0.5*COUNTIF(Matrix!D126:K126,"Partial") -> 0 | E82: 3d | F82: Not started | G82: Planned, not rival-driven (no rival data yet)
A83: 71 | B83: =Matrix!A127 -> Photo carve from depth maps (greyscale and 16-bit) | C83: =Matrix!C127 -> Done | D83: =COUNTIF(Matrix!D127:K127,"Yes")+0.5*COUNTIF(Matrix!D127:K127,"Partial") -> 0 | E83: 3e | F83: Done | G83: PR #179 merged 2026-10-19: picture tone (brightness, contrast, gamma, clip, smooth), TIFF and BMP import. Float TIFF only for RGB/RGBA; single-channel float TIFF not supported yet.
A84: 72 | B84: =Matrix!A121 -> Relief component tree: levels, combine modes, bake, mirror, live 3D manipulation | C84: =Matrix!C121 -> Planned | D84: =COUNTIF(Matrix!D121:K121,"Yes")+0.5*COUNTIF(Matrix!D121:K121,"Partial") -> 0 | E84: 3a | F84: Not started | G84: Planned, not rival-driven (no rival data yet)
A85: 73 | B85: =Matrix!A122 -> Relief shape tools: round, angled, smooth, custom profile; two-rail sweep; extrude and weave | C85: =Matrix!C122 -> Planned | D85: =COUNTIF(Matrix!D122:K122,"Yes")+0.5*COUNTIF(Matrix!D122:K122,"Partial") -> 0 | E85: 3b | F85: Not started | G85: Planned, not rival-driven (no rival data yet)
A86: 74 | B86: =Matrix!A125 -> Relief slicing, offset, invert for moulds, emboss a 3D model, cross-section to vector | C86: =Matrix!C125 -> Planned | D86: =COUNTIF(Matrix!D125:K125,"Yes")+0.5*COUNTIF(Matrix!D125:K125,"Partial") -> 0 | E86: 3d | F86: Not started | G86: Planned, not rival-driven (no rival data yet)
A87: 75 | B87: =Matrix!A112 -> STL and OBJ export of reliefs | C87: =Matrix!C112 -> Planned | D87: =COUNTIF(Matrix!D112:K112,"Yes")+0.5*COUNTIF(Matrix!D112:K112,"Partial") -> 0 | E87: 3d | F87: Not started | G87: Planned, not rival-driven (no rival data yet)
A88: 76 | B88: =Matrix!A124 -> Sculpting brushes, stamping, local undo | C88: =Matrix!C124 -> Planned | D88: =COUNTIF(Matrix!D124:K124,"Yes")+0.5*COUNTIF(Matrix!D124:K124,"Partial") -> 0 | E88: 3c | F88: Not started | G88: Planned, not rival-driven (no rival data yet)
A89: 77 | B89: =Matrix!A113 -> 3DM import | C89: =Matrix!C113 -> Planned | D89: =COUNTIF(Matrix!D113:K113,"Yes")+0.5*COUNTIF(Matrix!D113:K113,"Partial") -> 0 | E89: 4 | F89: Not started | G89: Planned, not rival-driven (no rival data yet)
A90: 78 | B90: =Matrix!A131 -> AI relief from a sketch or text | C90: =Matrix!C131 -> Planned | D90: =COUNTIF(Matrix!D131:K131,"Yes")+0.5*COUNTIF(Matrix!D131:K131,"Partial") -> 0 | E90: 4 | F90: Not started | G90: Planned, not rival-driven (no rival data yet)
A91: 79 | B91: =Matrix!A132 -> Client proofs: interactive 3D PDF or web viewer | C91: =Matrix!C132 -> Planned | D91: =COUNTIF(Matrix!D132:K132,"Yes")+0.5*COUNTIF(Matrix!D132:K132,"Partial") -> 0 | E91: 4 | F91: Not started | G91: Planned, not rival-driven (no rival data yet)
A92: 80 | B92: =Matrix!A129 -> Native machine sender: stream, jog, zero, probe, surface, macros | C92: =Matrix!C129 -> Planned | D92: =COUNTIF(Matrix!D129:K129,"Yes")+0.5*COUNTIF(Matrix!D129:K129,"Partial") -> 0 | E92: 4 | F92: Not started | G92: Planned, not rival-driven (no rival data yet)
A93: 81 | B93: =Matrix!A130 -> Tool-change wizards | C93: =Matrix!C130 -> Planned | D93: =COUNTIF(Matrix!D130:K130,"Yes")+0.5*COUNTIF(Matrix!D130:K130,"Partial") -> 0 | E93: 4 | F93: Not started | G93: Planned, not rival-driven (no rival data yet)
A94: 82 | B94: =Matrix!A115 -> Online tool database sync and shared read-only databases | C94: =Matrix!C115 -> Planned | D94: =COUNTIF(Matrix!D115:K115,"Yes")+0.5*COUNTIF(Matrix!D115:K115,"Partial") -> 0 | E94: Not set | F94: Not started | G94: Planned, not rival-driven (no rival data yet)
A95: 83 | B95: =Matrix!A133 -> Translation of the CAM screens and help pages | C95: =Matrix!C133 -> Planned | D95: =COUNTIF(Matrix!D133:K133,"Yes")+0.5*COUNTIF(Matrix!D133:K133,"Partial") -> 0 | E95: Last | F95: Not started | G95: Planned, not rival-driven (no rival data yet)
A96: 84 | B96: Local AI support (milestone test): a local model (Qwen 27B in the Deepseek harness) drives LibreCarve from the shell through tools/lc.py and builds a job (material, shape, toolpath, simulate, G-code) with no help | C96: Not started | D96: - | E96: Milestone | F96: Done | G96: Differentiator D5. Claude-driven jobs are already tested complete (D1). Helper tools/lc.py and prompt docs/librecarve/local-model-prompt.md merged (#113). Pass = the model finishes the job and the G-code verifies with 0 violations. First run 2026-10-16 (Qwen 3.8 27B): material, circle, profile, verify (0 violations), simulate and G-code all done; needed one correction (sheet origin) and a fresh session after the context filled. Done after one clean unaided run with prompt v2 and the default tools. Clean unaided rerun 2026-10-16 with prompt v2 and the default tools: sheet, centered circle, 1/4 inch profile, verify (0 violations), 3D simulate and onefinity G-code (job.ngc, 27 lines). Note: the profile ran without tabs; the prompt should tell the model to set hold in Material Setup for through cuts.
A97: 85 | B97: Background toolpaths with progress and Cancel: long CAM work runs off the UI thread on a share of the CPU cores (setting 25/50/75/100%, default 50%) | C97: Done | D97: - | E97: Performance | F97: Done | G97: Merged in PR 162. The 1.svg V-carve went from freezing the window to about 10 s. Programmatic calls stay synchronous. Log file ~/.config/librecarve/logs/librecarve.log.
A98: 86 | B98: GPU stock simulation (wgpu compute) with a CPU reference and automatic fallback | C98: Done | D98: - | E98: Performance | F98: Done | G98: Merged in PR 161 (docs/librecarve/gpu-simulation.md). cam.simulate takes gpu: true|false|auto. Timing on the real GPU still to be measured on the owner machine.
A99: 87 | B99: 3D relief orientation: mirror left-right, mirror front-back, turn in 90 degree steps and upside down on picture and model imports | C99: Done | D99: - | E99: Usability | F99: Done | G99: Merged in PR 167, from a tester report (a model came in backwards and could not be fixed). Textures refuse these options. Still open: a "View model" window to look at an added relief on its own, move/rotate after adding, clip cam.relief to the footprint (it cuts the whole grid, up to one cell past it), and a small Y offset for pictures imported with skip above 1.
A100: 96 | B100: Check for updates (notify only): Help menu, About button and app.check_updates; reads the public releases repo, never downloads, no check at startup, no telemetry | C100: Done | D100: - | E100: Usability | F100: Done | G100: Done. Merged in PR #190 (2026-10-22). New crate librecarve-update (logic, 13 tests); the desktop app uses the system curl for the single https request (10 s timeout, 1 MB cap) because no TLS crate with an allowed licence is in the tree (rustls stacks carry ISC / CDLA-Permissive-2.0). Owner approved curl 2026-10-22. Not checked: a real 'new version' answer (the releases repo had no release at build time) and a wasm build. Needs item 98 fixed to see it work on v0.1.5.
A101: 97 | B101: Public releases: installers on a public repo (LibreCarve-releases) while the code stays private; README, INSTALL guide, licenses and issue templates there | C101: Done | D101: - | E101: Release | F101: Done | G101: Done. Public repo jhvanriper-rgb/LibreCarve-releases created by the owner; README, INSTALL.md, licenses, NOTICE and issue templates pushed; release workflows publish there with the RELEASES_TOKEN secret (PR #188, 2026-10-22). v0.1.5 published for Linux, macOS (universal) and Windows with checksums. Follow-ups: the About window and README still say 'open-source' (inaccurate while the code is private); the bundled README in the zips still names private repo paths; the fine-grained token expires in about a year.
...

Sheet Differentiators
A1: Differentiators: things LibreCarve does that rivals do not
A2: Not ranked by rival count. Status uses the same values as the Priority list.
A4: # | B4: Differentiator | C4: Work status | D4: Why it sets LibreCarve apart | E4: Priority list item
A5: D1 | B5: AI-driven jobs with Claude: the model runs the whole job through MCP or the shell helper | C5: Done | D5: Rivals have no scripting or agent control. Tested complete with Claude.
A6: D2 | B6: Texture Design: height maps generated from parameters, usable by command | C6: In progress | D6: Textures and relief come from commands, so they can be scripted and repeated.
A7: D3 | B7: No edition limits | C7: Done | D7: No work-area, model-count or toolpath-size caps and no paid tiers.
A8: D4 | B8: Cross-platform and web builds | C8: In progress | D8: Same core runs native on Linux, Windows, macOS and in the browser (wasm).
A9: D5 | B9: Local AI support: a local model (Qwen 27B in the Deepseek harness) runs a whole job | C9: Done | D9: Same control, no cloud: the job stays on the shop machine. | E9: 84

Sheet Matrix
A1: LibreCarve vs the CNC software field: features by product, cheapest to dearest
A2: LibreCarve column = status in the repo on 2026-10-15. Other columns: Yes / Partial / No / ? (not confirmed). Products run left to right from free to the highest cost.
A4: Feature | B4: Plan phase | C4: LibreCarve (status) | D4: FreeCAD | E4: Carbide Create Pro | F4: Easel | G4: Easel Pro | H4: Fusion 360 | I4: VCarve Pro | J4: Aspire | K4: Mastercam | L4: Rivals with it (of 8): Yes = 1, Partial = 0.5 | M4: Build priority rank (1 = first)
A5: Price / licence | C5: Free, open source | D5: Free, open source | E5: $120/year subscription, or $360 once | F5: Free plan: $0, 1 export per week (Starter $72/year adds 20 per week) | G5: $216/year ($72 Starter; Free tier: 1 export/week) | H5: $680/year (free for non-commercial personal use) | I5: $699 once (perpetual) | J5: $1,995 once (perpetual) | K5: No public price; est. $6,000-$15,000 perpetual + maintenance
A6: First-year cost (USD, number) | C6: 0 | D6: 0 | E6: 120 | F6: 0 | G6: 216 | H6: 680 | I6: 699 | J6: 1995 | K6: 6000
A7: Price source | E7: Carbide 3D buy page, Oct 2026 | F7: Easel plans page (support.easel.com), read Oct 2026. Rows the page does not cover are ? | G7: Easel plans page, Oct 2026 | H7: Vagon pricing summary, checked Aug 2026 | I7: Retailer listing (Onefinity CNC), Oct 2026 | J7: Retailer listing, Oct 2026 | K7: ESTIMATE: NexGen comparison page; 2017 forum post said $5,000/year for 3-axis
A8: 1. 2D design and drawing
A9: Shapes: line, arc, circle, rectangle, polygon, polyline | B9: Built | C9: Done | D9: Yes | E9: Yes | F9: No | G9: Yes | H9: Yes | I9: Yes | J9: Yes | K9: Yes | L9: =IF(COUNTIF(D9:K9,"?")=8,"n/a",COUNTIF(D9:K9,"Yes")+0.5*COUNTIF(D9:K9,"Partial")) -> 7 | M9: =IFERROR(INDEX('Priority list'!$A$5:$A$200,MATCH(A9,'Priority list'!$B$5:$B$200,0)),IF(C9="Done","Done","-")) -> Done
A10: Node editing and Bezier curves | B10: 1 | C10: Partial | D10: Yes | E10: Yes | F10: No | G10: No | H10: Yes | I10: Yes | J10: Yes | K10: Yes | L10: =IF(COUNTIF(D10:K10,"?")=8,"n/a",COUNTIF(D10:K10,"Yes")+0.5*COUNTIF(D10:K10,"Partial")) -> 6 | M10: =IFERROR(INDEX('Priority list'!$A$5:$A$200,MATCH(A10,'Priority list'!$B$5:$B$200,0)),IF(C10="Done","Done","-")) -> 7
A11: Offset, trim, fillet, mirror, move, scale | B11: Built | C11: Done | D11: Yes | E11: Partial | F11: ? | G11: Partial | H11: Yes | I11: Yes | J11: Yes | K11: Yes | L11: =IF(COUNTIF(D11:K11,"?")=8,"n/a",COUNTIF(D11:K11,"Yes")+0.5*COUNTIF(D11:K11,"Partial")) -> 6 | M11: =IFERROR(INDEX('Priority list'!$A$5:$A$200,MATCH(A11,'Priority list'!$B$5:$B$200,0)),IF(C11="Done","Done","-")) -> Done
A12: Rectangular and circular arrays | B12: Built | C12: Done | D12: Yes | E12: Yes | F12: No | G12: No | H12: Yes | I12: Yes | J12: Yes | K12: Yes | L12: =IF(COUNTIF(D12:K12,"?")=8,"n/a",COUNTIF(D12:K12,"Yes")+0.5*COUNTIF(D12:K12,"Partial")) -> 6 | M12: =IFERROR(INDEX('Priority list'!$A$5:$A$200,MATCH(A12,'Priority list'!$B$5:$B$200,0)),IF(C12="Done","Done","-")) -> Done
A13: Dimensions that update with the part | B13: Built | C13: Done | D13: Yes | E13: No | F13: No | G13: No | H13: Yes | I13: Partial | J13: Partial | K13: Yes | L13: =IF(COUNTIF(D13:K13,"?")=8,"n/a",COUNTIF(D13:K13,"Yes")+0.5*COUNTIF(D13:K13,"Partial")) -> 4 | M13: =IFERROR(INDEX('Priority list'!$A$5:$A$200,MATCH(A13,'Priority list'!$B$5:$B$200,0)),IF(C13="Done","Done","-")) -> Done
A14: Booleans: weld, subtract, intersect | B14: Built | C14: Done | D14: Yes | E14: Yes | F14: ? | G14: Yes | H14: Yes | I14: Yes | J14: Yes | K14: Yes | L14: =IF(COUNTIF(D14:K14,"?")=8,"n/a",COUNTIF(D14:K14,"Yes")+0.5*COUNTIF(D14:K14,"Partial")) -> 7 | M14: =IFERROR(INDEX('Priority list'!$A$5:$A$200,MATCH(A14,'Priority list'!$B$5:$B$200,0)),IF(C14="Done","Done","-")) -> Done
A15: Shape check and tidy (gaps, duplicates, overlaps) | B15: Built | C15: Done | D15: Partial | E15: Partial | F15: No | G15: No | H15: Partial | I15: Yes | J15: Yes | K15: Yes | L15: =IF(COUNTIF(D15:K15,"?")=8,"n/a",COUNTIF(D15:K15,"Yes")+0.5*COUNTIF(D15:K15,"Partial")) -> 4.5 | M15: =IFERROR(INDEX('Priority list'!$A$5:$A$200,MATCH(A15,'Priority list'!$B$5:$B$200,0)),IF(C15="Done","Done","-")) -> Done
A16: 2. Text and bitmaps
A17: TrueType and OpenType text to cuttable outlines | B17: Built | C17: Done | D17: Yes | E17: Yes | F17: Partial | G17: Yes | H17: Yes | I17: Yes | J17: Yes | K17: Yes | L17: =IF(COUNTIF(D17:K17,"?")=8,"n/a",COUNTIF(D17:K17,"Yes")+0.5*COUNTIF(D17:K17,"Partial")) -> 7.5 | M17: =IFERROR(INDEX('Priority list'!$A$5:$A$200,MATCH(A17,'Priority list'!$B$5:$B$200,0)),IF(C17="Done","Done","-")) -> Done
A18: Starter font set shipped, and importing your own fonts | B18: Built | C18: Done | D18: ? | E18: ? | F18: ? | G18: ? | H18: ? | I18: ? | J18: ? | K18: ? | L18: =IF(COUNTIF(D18:K18,"?")=8,"n/a",COUNTIF(D18:K18,"Yes")+0.5*COUNTIF(D18:K18,"Partial")) -> n/a | M18: =IFERROR(INDEX('Priority list'!$A$5:$A$200,MATCH(A18,'Priority list'!$B$5:$B$200,0)),IF(C18="Done","Done","-")) -> Done
A19: Text on a curve, kerning, spell check | B19: 1 | C19: Partial | D19: No | E19: ? | F19: No | G19: No | H19: No | I19: Yes | J19: Yes | K19: ? | L19: =IF(COUNTIF(D19:K19,"?")=8,"n/a",COUNTIF(D19:K19,"Yes")+0.5*COUNTIF(D19:K19,"Partial")) -> 2 | M19: =IFERROR(INDEX('Priority list'!$A$5:$A$200,MATCH(A19,'Priority list'!$B$5:$B$200,0)),IF(C19="Done","Done","-")) -> 25
A20: Image tracing to vectors (form and button done; wasm picture picker still to do) | B20: 1 | C20: Done | D20: Partial | E20: Yes | F20: Yes | G20: Yes | H20: No | I20: Yes | J20: Yes | K20: No | L20: =IF(COUNTIF(D20:K20,"?")=8,"n/a",COUNTIF(D20:K20,"Yes")+0.5*COUNTIF(D20:K20,"Partial")) -> 5.5 | M20: =IFERROR(INDEX('Priority list'!$A$5:$A$200,MATCH(A20,'Priority list'!$B$5:$B$200,0)),IF(C20="Done","Done","-")) -> 14
A21: Bitmap tools: brightness, contrast, crop | B21: 1 | C21: Partial | D21: No | E21: Partial | F21: No | G21: No | H21: No | I21: Yes | J21: Yes | K21: No | L21: =IF(COUNTIF(D21:K21,"?")=8,"n/a",COUNTIF(D21:K21,"Yes")+0.5*COUNTIF(D21:K21,"Partial")) -> 2.5 | M21: =IFERROR(INDEX('Priority list'!$A$5:$A$200,MATCH(A21,'Priority list'!$B$5:$B$200,0)),IF(C21="Done","Done","-")) -> 21
A22: 3. Import and export
A23: DXF import | B23: Built | C23: Done | D23: Yes | E23: Yes | F23: ? | G23: Yes | H23: Yes | I23: Yes | J23: Yes | K23: Yes | L23: =IF(COUNTIF(D23:K23,"?")=8,"n/a",COUNTIF(D23:K23,"Yes")+0.5*COUNTIF(D23:K23,"Partial")) -> 7 | M23: =IFERROR(INDEX('Priority list'!$A$5:$A$200,MATCH(A23,'Priority list'!$B$5:$B$200,0)),IF(C23="Done","Done","-")) -> Done
A24: SVG import | B24: Built | C24: Done | D24: Yes | E24: Yes | F24: Yes | G24: Yes | H24: Yes | I24: Yes | J24: Yes | K24: ? | L24: =IF(COUNTIF(D24:K24,"?")=8,"n/a",COUNTIF(D24:K24,"Yes")+0.5*COUNTIF(D24:K24,"Partial")) -> 7 | M24: =IFERROR(INDEX('Priority list'!$A$5:$A$200,MATCH(A24,'Priority list'!$B$5:$B$200,0)),IF(C24="Done","Done","-")) -> Done
A25: DWG import | B25: Built | C25: Done | D25: Partial | E25: No | F25: No | G25: No | H25: Yes | I25: ? | J25: ? | K25: Yes | L25: =IF(COUNTIF(D25:K25,"?")=8,"n/a",COUNTIF(D25:K25,"Yes")+0.5*COUNTIF(D25:K25,"Partial")) -> 2.5 | M25: =IFERROR(INDEX('Priority list'!$A$5:$A$200,MATCH(A25,'Priority list'!$B$5:$B$200,0)),IF(C25="Done","Done","-")) -> Done
A26: EPS, AI and PDF import | B26: 1 | C26: Planned | D26: Partial | E26: ? | F26: No | G26: No | H26: No | I26: Yes | J26: Yes | K26: ? | L26: =IF(COUNTIF(D26:K26,"?")=8,"n/a",COUNTIF(D26:K26,"Yes")+0.5*COUNTIF(D26:K26,"Partial")) -> 2.5 | M26: =IFERROR(INDEX('Priority list'!$A$5:$A$200,MATCH(A26,'Priority list'!$B$5:$B$200,0)),IF(C26="Done","Done","-")) -> 22
A27: STL, OBJ and 3MF mesh import | B27: 1 | C27: Partial | D27: Yes | E27: Yes | F27: No | G27: No | H27: Yes | I27: Yes | J27: Yes | K27: Yes | L27: =IF(COUNTIF(D27:K27,"?")=8,"n/a",COUNTIF(D27:K27,"Yes")+0.5*COUNTIF(D27:K27,"Partial")) -> 6 | M27: =IFERROR(INDEX('Priority list'!$A$5:$A$200,MATCH(A27,'Priority list'!$B$5:$B$200,0)),IF(C27="Done","Done","-")) -> 8
A28: STEP and IGES import | B28: 4 | C28: Planned | D28: Yes | E28: No | F28: No | G28: No | H28: Yes | I28: No | J28: No | K28: Yes | L28: =IF(COUNTIF(D28:K28,"?")=8,"n/a",COUNTIF(D28:K28,"Yes")+0.5*COUNTIF(D28:K28,"Partial")) -> 3 | M28: =IFERROR(INDEX('Priority list'!$A$5:$A$200,MATCH(A28,'Priority list'!$B$5:$B$200,0)),IF(C28="Done","Done","-")) -> 20
A29: DXF export of vectors | B29: Built | C29: Done | D29: Yes | E29: Yes | F29: No | G29: No | H29: Yes | I29: Yes | J29: Yes | K29: Yes | L29: =IF(COUNTIF(D29:K29,"?")=8,"n/a",COUNTIF(D29:K29,"Yes")+0.5*COUNTIF(D29:K29,"Partial")) -> 6 | M29: =IFERROR(INDEX('Priority list'!$A$5:$A$200,MATCH(A29,'Priority list'!$B$5:$B$200,0)),IF(C29="Done","Done","-")) -> Done
A30: 4. Job setup
A31: Stock size, Z zero, safe Z, XY datum, metric and inch | B31: Built | C31: Done | D31: Yes | E31: Yes | F31: Partial | G31: Yes | H31: Yes | I31: Yes | J31: Yes | K31: Yes | L31: =IF(COUNTIF(D31:K31,"?")=8,"n/a",COUNTIF(D31:K31,"Yes")+0.5*COUNTIF(D31:K31,"Partial")) -> 7.5 | M31: =IFERROR(INDEX('Priority list'!$A$5:$A$200,MATCH(A31,'Priority list'!$B$5:$B$200,0)),IF(C31="Done","Done","-")) -> Done
A32: Project files, layers, saved job recipes | B32: Built | C32: Done | D32: Yes | E32: Yes | F32: Partial | G32: Partial | H32: Yes | I32: Yes | J32: Yes | K32: Yes | L32: =IF(COUNTIF(D32:K32,"?")=8,"n/a",COUNTIF(D32:K32,"Yes")+0.5*COUNTIF(D32:K32,"Partial")) -> 7 | M32: =IFERROR(INDEX('Priority list'!$A$5:$A$200,MATCH(A32,'Priority list'!$B$5:$B$200,0)),IF(C32="Done","Done","-")) -> Done
A33: Several sheets or setups in one job | B33: 1 | C33: Planned | D33: Yes | E33: No | F33: No | G33: No | H33: Yes | I33: Yes | J33: Yes | K33: Yes | L33: =IF(COUNTIF(D33:K33,"?")=8,"n/a",COUNTIF(D33:K33,"Yes")+0.5*COUNTIF(D33:K33,"Partial")) -> 5 | M33: =IFERROR(INDEX('Priority list'!$A$5:$A$200,MATCH(A33,'Priority list'!$B$5:$B$200,0)),IF(C33="Done","Done","-")) -> 11
A34: Two-sided jobs with a flip | B34: 1 | C34: Partial | D34: Partial | E34: ? | F34: No | G34: No | H34: Yes | I34: Yes | J34: Yes | K34: Yes | L34: =IF(COUNTIF(D34:K34,"?")=8,"n/a",COUNTIF(D34:K34,"Yes")+0.5*COUNTIF(D34:K34,"Partial")) -> 4.5 | M34: =IFERROR(INDEX('Priority list'!$A$5:$A$200,MATCH(A34,'Priority list'!$B$5:$B$200,0)),IF(C34="Done","Done","-")) -> 15
A35: Rotary (4th axis) wrapping | B35: 1 | C35: Planned | D35: Partial | E35: ? | F35: No | G35: No | H35: Yes | I35: Yes | J35: Yes | K35: Yes | L35: =IF(COUNTIF(D35:K35,"?")=8,"n/a",COUNTIF(D35:K35,"Yes")+0.5*COUNTIF(D35:K35,"Partial")) -> 4.5 | M35: =IFERROR(INDEX('Priority list'!$A$5:$A$200,MATCH(A35,'Priority list'!$B$5:$B$200,0)),IF(C35="Done","Done","-")) -> 10
A36: Hold-down setting with a warning on through cuts | B36: Built | C36: Done | D36: No | E36: ? | F36: No | G36: No | H36: No | I36: ? | J36: ? | K36: No | L36: =IF(COUNTIF(D36:K36,"?")=8,"n/a",COUNTIF(D36:K36,"Yes")+0.5*COUNTIF(D36:K36,"Partial")) -> 0 | M36: =IFERROR(INDEX('Priority list'!$A$5:$A$200,MATCH(A36,'Priority list'!$B$5:$B$200,0)),IF(C36="Done","Done","-")) -> Done
A37: 5. 2D and 2.5D toolpaths
A38: Profile: inside, outside, on the line | B38: Built | C38: Done | D38: Yes | E38: Yes | F38: Yes | G38: Yes | H38: Yes | I38: Yes | J38: Yes | K38: Yes | L38: =IF(COUNTIF(D38:K38,"?")=8,"n/a",COUNTIF(D38:K38,"Yes")+0.5*COUNTIF(D38:K38,"Partial")) -> 8 | M38: =IFERROR(INDEX('Priority list'!$A$5:$A$200,MATCH(A38,'Priority list'!$B$5:$B$200,0)),IF(C38="Done","Done","-")) -> Done
A39: Holding tabs | B39: Built | C39: Done | D39: Yes | E39: Yes | F39: ? | G39: Yes | H39: Yes | I39: Yes | J39: Yes | K39: Yes | L39: =IF(COUNTIF(D39:K39,"?")=8,"n/a",COUNTIF(D39:K39,"Yes")+0.5*COUNTIF(D39:K39,"Partial")) -> 7 | M39: =IFERROR(INDEX('Priority list'!$A$5:$A$200,MATCH(A39,'Priority list'!$B$5:$B$200,0)),IF(C39="Done","Done","-")) -> Done
A40: Ramp entry and lead-in/out | B40: Built | C40: Done | D40: Yes | E40: Partial | F40: No | G40: No | H40: Yes | I40: Yes | J40: Yes | K40: Yes | L40: =IF(COUNTIF(D40:K40,"?")=8,"n/a",COUNTIF(D40:K40,"Yes")+0.5*COUNTIF(D40:K40,"Partial")) -> 5.5 | M40: =IFERROR(INDEX('Priority list'!$A$5:$A$200,MATCH(A40,'Priority list'!$B$5:$B$200,0)),IF(C40="Done","Done","-")) -> Done
A41: Pocket with islands | B41: Built | C41: Done | D41: Yes | E41: Yes | F41: ? | G41: Yes | H41: Yes | I41: Yes | J41: Yes | K41: Yes | L41: =IF(COUNTIF(D41:K41,"?")=8,"n/a",COUNTIF(D41:K41,"Yes")+0.5*COUNTIF(D41:K41,"Partial")) -> 7 | M41: =IFERROR(INDEX('Priority list'!$A$5:$A$200,MATCH(A41,'Priority list'!$B$5:$B$200,0)),IF(C41="Done","Done","-")) -> Done
A42: Rest machining with a smaller tool | B42: Built | C42: Done | D42: Partial | E42: No | F42: No | G42: No | H42: Yes | I42: Yes | J42: Yes | K42: Yes | L42: =IF(COUNTIF(D42:K42,"?")=8,"n/a",COUNTIF(D42:K42,"Yes")+0.5*COUNTIF(D42:K42,"Partial")) -> 4.5 | M42: =IFERROR(INDEX('Priority list'!$A$5:$A$200,MATCH(A42,'Priority list'!$B$5:$B$200,0)),IF(C42="Done","Done","-")) -> Done
A43: Pocket extras: raster clearing, wall finish, fewer retracts | B43: 1 | C43: Planned | D43: Yes | E43: Partial | F43: No | G43: No | H43: Yes | I43: Yes | J43: Yes | K43: Yes | L43: =IF(COUNTIF(D43:K43,"?")=8,"n/a",COUNTIF(D43:K43,"Yes")+0.5*COUNTIF(D43:K43,"Partial")) -> 5.5 | M43: =IFERROR(INDEX('Priority list'!$A$5:$A$200,MATCH(A43,'Priority list'!$B$5:$B$200,0)),IF(C43="Done","Done","-")) -> 9
A44: Drilling with peck and chip break | B44: Built | C44: Done | D44: Yes | E44: Yes | F44: ? | G44: Yes | H44: Yes | I44: Yes | J44: Yes | K44: Yes | L44: =IF(COUNTIF(D44:K44,"?")=8,"n/a",COUNTIF(D44:K44,"Yes")+0.5*COUNTIF(D44:K44,"Partial")) -> 7 | M44: =IFERROR(INDEX('Priority list'!$A$5:$A$200,MATCH(A44,'Priority list'!$B$5:$B$200,0)),IF(C44="Done","Done","-")) -> Done
A45: Thread milling | B45: 2 | C45: Planned | D45: Yes | E45: ? | F45: No | G45: No | H45: Yes | I45: Yes | J45: Yes | K45: Yes | L45: =IF(COUNTIF(D45:K45,"?")=8,"n/a",COUNTIF(D45:K45,"Yes")+0.5*COUNTIF(D45:K45,"Partial")) -> 5 | M45: =IFERROR(INDEX('Priority list'!$A$5:$A$200,MATCH(A45,'Priority list'!$B$5:$B$200,0)),IF(C45="Done","Done","-")) -> 13
A46: Engraving along lines, hatched fill | B46: Built | C46: Done | D46: Yes | E46: Yes | F46: ? | G46: Yes | H46: Yes | I46: Yes | J46: Yes | K46: Yes | L46: =IF(COUNTIF(D46:K46,"?")=8,"n/a",COUNTIF(D46:K46,"Yes")+0.5*COUNTIF(D46:K46,"Partial")) -> 7 | M46: =IFERROR(INDEX('Priority list'!$A$5:$A$200,MATCH(A46,'Priority list'!$B$5:$B$200,0)),IF(C46="Done","Done","-")) -> Done
A47: V-carve basics (variable depth along the centre line) | B47: Built | C47: Done | D47: Partial | E47: Yes | F47: No | G47: Yes | H47: Partial | I47: Yes | J47: Yes | K47: Partial | L47: =IF(COUNTIF(D47:K47,"?")=8,"n/a",COUNTIF(D47:K47,"Yes")+0.5*COUNTIF(D47:K47,"Partial")) -> 5.5 | M47: =IFERROR(INDEX('Priority list'!$A$5:$A$200,MATCH(A47,'Priority list'!$B$5:$B$200,0)),IF(C47="Done","Done","-")) -> Done
A48: V-carve flat bottom with a second tool | B48: 1 | C48: Partial | D48: No | E48: Yes | F48: No | G48: Partial | H48: No | I48: Yes | J48: Yes | K48: No | L48: =IF(COUNTIF(D48:K48,"?")=8,"n/a",COUNTIF(D48:K48,"Yes")+0.5*COUNTIF(D48:K48,"Partial")) -> 3.5 | M48: =IFERROR(INDEX('Priority list'!$A$5:$A$200,MATCH(A48,'Priority list'!$B$5:$B$200,0)),IF(C48="Done","Done","-")) -> 18
A49: Inlay (plug and pocket that fit) | B49: 2 | C49: Planned | D49: No | E49: Yes | F49: No | G49: No | H49: Partial | I49: Yes | J49: Yes | K49: No | L49: =IF(COUNTIF(D49:K49,"?")=8,"n/a",COUNTIF(D49:K49,"Yes")+0.5*COUNTIF(D49:K49,"Partial")) -> 3.5 | M49: =IFERROR(INDEX('Priority list'!$A$5:$A$200,MATCH(A49,'Priority list'!$B$5:$B$200,0)),IF(C49="Done","Done","-")) -> 19
... A52: True-shape nesting | B52: 2 | C52: Planned | D52: Partial | E52: ? | F52: No | G52: No | H52: Yes | I52: Yes | J52: Yes | K52: Yes | L52: =IF(COUNTIF(D52:K52,"?")=8,"n/a",COUNTIF(D52:K52,"Yes")+0.5*COUNTIF(D52:K52,"Partial")) -> 4.5 | M52: =IFERROR(INDEX('Priority list'!$A$5:$A$200,MATCH(A52,'Priority list'!$B$5:$B$200,0)),IF(C52="Done","Done","-")) -> 17
A53: 6. 3D machining and relief
A54: Height map from an image or mesh, embedded in the stock | B54: Built | C54: Done | D54: No | E54: Yes | F54: No | G54: No | H54: Partial | I54: Partial | J54: Yes | K54: No | L54: =IF(COUNTIF(D54:K54,"?")=8,"n/a",COUNTIF(D54:K54,"Yes")+0.5*COUNTIF(D54:K54,"Partial")) -> 3 | M54: =IFERROR(INDEX('Priority list'!$A$5:$A$200,MATCH(A54,'Priority list'!$B$5:$B$200,0)),IF(C54="Done","Done","-")) -> Done
A55: 3D roughing and finishing of a model | B55: 1 | C55: Planned | D55: Yes | E55: Yes | F55: No | G55: No | H55: Yes | I55: Yes | J55: Yes | K55: Yes | L55: =IF(COUNTIF(D55:K55,"?")=8,"n/a",COUNTIF(D55:K55,"Yes")+0.5*COUNTIF(D55:K55,"Partial")) -> 6 | M55: =IFERROR(INDEX('Priority list'!$A$5:$A$200,MATCH(A55,'Priority list'!$B$5:$B$200,0)),IF(C55="Done","Done","-")) -> 6
A56: Relief modelling: components, shapes, sculpting (Aspire) | B56: 3 | C56: Planned | D56: No | E56: No | F56: No | G56: No | H56: Partial | I56: No | J56: Yes | K56: No | L56: =IF(COUNTIF(D56:K56,"?")=8,"n/a",COUNTIF(D56:K56,"Yes")+0.5*COUNTIF(D56:K56,"Partial")) -> 1.5 | M56: =IFERROR(INDEX('Priority list'!$A$5:$A$200,MATCH(A56,'Priority list'!$B$5:$B$200,0)),IF(C56="Done","Done","-")) -> 28
A57: Lithophane and photo carving | B57: 3 | C57: Partial | D57: No | E57: ? | F57: No | G57: No | H57: No | I57: ? | J57: Yes | K57: No | L57: =IF(COUNTIF(D57:K57,"?")=8,"n/a",COUNTIF(D57:K57,"Yes")+0.5*COUNTIF(D57:K57,"Partial")) -> 1 | M57: =IFERROR(INDEX('Priority list'!$A$5:$A$200,MATCH(A57,'Priority list'!$B$5:$B$200,0)),IF(C57="Done","Done","-")) -> 29
A58: Simultaneous 4/5-axis machining | B58: - | C58: Not planned | D58: Partial | E58: No | F58: No | G58: No | H58: Yes | I58: No | J58: No | K58: Yes | L58: =IF(COUNTIF(D58:K58,"?")=8,"n/a",COUNTIF(D58:K58,"Yes")+0.5*COUNTIF(D58:K58,"Partial")) -> 2.5 | M58: =IFERROR(INDEX('Priority list'!$A$5:$A$200,MATCH(A58,'Priority list'!$B$5:$B$200,0)),IF(C58="Done","Done","-")) -> -
A59: Parametric 3D solid modelling | B59: - | C59: Not planned | D59: Yes | E59: No | F59: No | G59: No | H59: Yes | I59: No | J59: No | K59: Yes | L59: =IF(COUNTIF(D59:K59,"?")=8,"n/a",COUNTIF(D59:K59,"Yes")+0.5*COUNTIF(D59:K59,"Partial")) -> 3 | M59: =IFERROR(INDEX('Priority list'!$A$5:$A$200,MATCH(A59,'Priority list'!$B$5:$B$200,0)),IF(C59="Done","Done","-")) -> -
A60: 7. Simulation, tools and machines
A61: Cut simulation: top view and turnable 3D block | B61: Built | C61: Done | D61: Yes | E61: Yes | F61: Partial | G61: Partial | H61: Yes | I61: Yes | J61: Yes | K61: Yes | L61: =IF(COUNTIF(D61:K61,"?")=8,"n/a",COUNTIF(D61:K61,"Yes")+0.5*COUNTIF(D61:K61,"Partial")) -> 7 | M61: =IFERROR(INDEX('Priority list'!$A$5:$A$200,MATCH(A61,'Priority list'!$B$5:$B$200,0)),IF(C61="Done","Done","-")) -> Done
A62: Independent gouge and depth check of the toolpath | B62: Built | C62: Done | D62: No | E62: No | F62: No | G62: No | H62: Yes | I62: No | J62: No | K62: Yes | L62: =IF(COUNTIF(D62:K62,"?")=8,"n/a",COUNTIF(D62:K62,"Yes")+0.5*COUNTIF(D62:K62,"Partial")) -> 2 | M62: =IFERROR(INDEX('Priority list'!$A$5:$A$200,MATCH(A62,'Priority list'!$B$5:$B$200,0)),IF(C62="Done","Done","-")) -> Done
A63: Time estimate that accounts for acceleration | B63: Built | C63: Done | D63: Partial | E63: Yes | F63: ? | G63: Yes | H63: Yes | I63: Yes | J63: Yes | K63: Yes | L63: =IF(COUNTIF(D63:K63,"?")=8,"n/a",COUNTIF(D63:K63,"Yes")+0.5*COUNTIF(D63:K63,"Partial")) -> 6.5 | M63: =IFERROR(INDEX('Priority list'!$A$5:$A$200,MATCH(A63,'Priority list'!$B$5:$B$200,0)),IF(C63="Done","Done","-")) -> Done
A64: Tool database with feeds and speeds by material | B64: Built | C64: Done | D64: Yes | E64: Yes | F64: Partial | G64: Partial | H64: Yes | I64: Yes | J64: Yes | K64: Yes | L64: =IF(COUNTIF(D64:K64,"?")=8,"n/a",COUNTIF(D64:K64,"Yes")+0.5*COUNTIF(D64:K64,"Partial")) -> 7 | M64: =IFERROR(INDEX('Priority list'!$A$5:$A$200,MATCH(A64,'Priority list'!$B$5:$B$200,0)),IF(C64="Done","Done","-")) -> Done
A65: Automatic choice of bit and feeds for an operation | B65: Built | C65: Done | D65: No | E65: No | F65: Partial | G65: Yes | H65: No | I65: No | J65: No | K65: No | L65: =IF(COUNTIF(D65:K65,"?")=8,"n/a",COUNTIF(D65:K65,"Yes")+0.5*COUNTIF(D65:K65,"Partial")) -> 1.5 | M65: =IFERROR(INDEX('Priority list'!$A$5:$A$200,MATCH(A65,'Priority list'!$B$5:$B$200,0)),IF(C65="Done","Done","-")) -> Done
A66: Post-processor library | B66: 1 | C66: Partial | D66: Yes | E66: Yes | F66: Partial | G66: Partial | H66: Yes | I66: Yes | J66: Yes | K66: Yes | L66: =IF(COUNTIF(D66:K66,"?")=8,"n/a",COUNTIF(D66:K66,"Yes")+0.5*COUNTIF(D66:K66,"Partial")) -> 7 | M66: =IFERROR(INDEX('Priority list'!$A$5:$A$200,MATCH(A66,'Priority list'!$B$5:$B$200,0)),IF(C66="Done","Done","-")) -> 5
A67: One file per tool, or one file with a bit-change pause | B67: 1 | C67: Done | D67: Yes | E67: Yes | F67: ? | G67: Yes | H67: Yes | I67: Yes | J67: Yes | K67: Yes | L67: =IF(COUNTIF(D67:K67,"?")=8,"n/a",COUNTIF(D67:K67,"Yes")+0.5*COUNTIF(D67:K67,"Partial")) -> 7 | M67: =IFERROR(INDEX('Priority list'!$A$5:$A$200,MATCH(A67,'Priority list'!$B$5:$B$200,0)),IF(C67="Done","Done","-")) -> Done
A68: Machine profiles and setup wizard | B68: Not set | C68: Partial | D68: Partial | E68: Yes | F68: Partial | G68: Yes | H68: Yes | I68: Yes | J68: Yes | K68: Yes | L68: =IF(COUNTIF(D68:K68,"?")=8,"n/a",COUNTIF(D68:K68,"Yes")+0.5*COUNTIF(D68:K68,"Partial")) -> 7 | M68: =IFERROR(INDEX('Priority list'!$A$5:$A$200,MATCH(A68,'Priority list'!$B$5:$B$200,0)),IF(C68="Done","Done","-")) -> 4
A69: Send to the machine from inside the program | B69: 1 | C69: Partial | D69: No | E69: Partial | F69: Yes | G69: Yes | H69: No | I69: No | J69: No | K69: No | L69: =IF(COUNTIF(D69:K69,"?")=8,"n/a",COUNTIF(D69:K69,"Yes")+0.5*COUNTIF(D69:K69,"Partial")) -> 2.5 | M69: =IFERROR(INDEX('Priority list'!$A$5:$A$200,MATCH(A69,'Priority list'!$B$5:$B$200,0)),IF(C69="Done","Done","-")) -> 23
A70: 8. Production, automation and platform
A71: Scripting and command interface (CLI, scripts) | B71: Built | C71: Done | D71: Yes | E71: No | F71: No | G71: No | H71: Yes | I71: Partial | J71: Partial | K71: Yes | L71: =IF(COUNTIF(D71:K71,"?")=8,"n/a",COUNTIF(D71:K71,"Yes")+0.5*COUNTIF(D71:K71,"Partial")) -> 4 | M71: =IFERROR(INDEX('Priority list'!$A$5:$A$200,MATCH(A71,'Priority list'!$B$5:$B$200,0)),IF(C71="Done","Done","-")) -> Done
A72: AI assistant can run a whole job (MCP) | B72: Built | C72: Done | D72: No | E72: No | F72: No | G72: No | H72: No | I72: No | J72: No | K72: No | L72: =IF(COUNTIF(D72:K72,"?")=8,"n/a",COUNTIF(D72:K72,"Yes")+0.5*COUNTIF(D72:K72,"Partial")) -> 0 | M72: =IFERROR(INDEX('Priority list'!$A$5:$A$200,MATCH(A72,'Priority list'!$B$5:$B$200,0)),IF(C72="Done","Done","-")) -> Done
A73: Free of edition limits and open source | B73: Built | C73: Done | D73: Yes | E73: No | F73: No | G73: No | H73: No | I73: No | J73: No | K73: No | L73: =IF(COUNTIF(D73:K73,"?")=8,"n/a",COUNTIF(D73:K73,"Yes")+0.5*COUNTIF(D73:K73,"Partial")) -> 1 | M73: =IFERROR(INDEX('Priority list'!$A$5:$A$200,MATCH(A73,'Priority list'!$B$5:$B$200,0)),IF(C73="Done","Done","-")) -> Done
A74: Toolpath templates, merged toolpaths, setup sheets | B74: 2 | C74: Planned | D74: Partial | E74: No | F74: No | G74: No | H74: Yes | I74: Yes | J74: Yes | K74: Yes | L74: =IF(COUNTIF(D74:K74,"?")=8,"n/a",COUNTIF(D74:K74,"Yes")+0.5*COUNTIF(D74:K74,"Partial")) -> 4.5 | M74: =IFERROR(INDEX('Priority list'!$A$5:$A$200,MATCH(A74,'Priority list'!$B$5:$B$200,0)),IF(C74="Done","Done","-")) -> 16
A75: Laser output and hybrid CNC/laser jobs | B75: 4 | C75: Planned | D75: No | E75: No | F75: ? | G75: Partial | H75: No | I75: Partial | J75: Partial | K75: No | L75: =IF(COUNTIF(D75:K75,"?")=8,"n/a",COUNTIF(D75:K75,"Yes")+0.5*COUNTIF(D75:K75,"Partial")) -> 1.5 | M75: =IFERROR(INDEX('Priority list'!$A$5:$A$200,MATCH(A75,'Priority list'!$B$5:$B$200,0)),IF(C75="Done","Done","-")) -> 27
A76: Cabinet workflow: labels, drill banks, cabinet import | B76: 2 | C76: Planned | D76: No | E76: No | F76: No | G76: No | H76: No | I76: Yes | J76: Yes | K76: Partial | L76: =IF(COUNTIF(D76:K76,"?")=8,"n/a",COUNTIF(D76:K76,"Yes")+0.5*COUNTIF(D76:K76,"Partial")) -> 2.5 | M76: =IFERROR(INDEX('Priority list'!$A$5:$A$200,MATCH(A76,'Priority list'!$B$5:$B$200,0)),IF(C76="Done","Done","-")) -> 24
A77: Cloud storage, sync and sharing | B77: - | C77: Not planned | D77: No | E77: No | F77: ? | G77: Yes | H77: Yes | I77: No | J77: No | K77: No | L77: =IF(COUNTIF(D77:K77,"?")=8,"n/a",COUNTIF(D77:K77,"Yes")+0.5*COUNTIF(D77:K77,"Partial")) -> 2 | M77: =IFERROR(INDEX('Priority list'!$A$5:$A$200,MATCH(A77,'Priority list'!$B$5:$B$200,0)),IF(C77="Done","Done","-")) -> -
A78: 9. Other planned work (no rival comparison yet: rivals marked ?)
A79: Measure real move times and set the acceleration default | B79: 0 | C79: Planned | D79: ? | E79: ? | F79: ? | G79: ? | H79: ? | I79: ? | J79: ? | K79: ? | L79: =IF(COUNTIF(D79:K79,"?")=8,"n/a",COUNTIF(D79:K79,"Yes")+0.5*COUNTIF(D79:K79,"Partial")) -> n/a | M79: =IFERROR(INDEX('Priority list'!$A$5:$A$200,MATCH(A79,'Priority list'!$B$5:$B$200,0)),IF(C79="Done","Done","-")) -> 32
A80: Crash and event log file, so an unexpected quit can be traced without terminal output | B80: 0 | C80: Planned | D80: ? | E80: ? | F80: ? | G80: ? | H80: ? | I80: ? | J80: ? | K80: ? | L80: =IF(COUNTIF(D80:K80,"?")=8,"n/a",COUNTIF(D80:K80,"Yes")+0.5*COUNTIF(D80:K80,"Partial")) -> n/a | M80: =IFERROR(INDEX('Priority list'!$A$5:$A$200,MATCH(A80,'Priority list'!$B$5:$B$200,0)),IF(C80="Done","Done","-")) -> 31
A81: Exact (non-sampled) gouge check | B81: 1 | C81: Planned | D81: ? | E81: ? | F81: ? | G81: ? | H81: ? | I81: ? | J81: ? | K81: ? | L81: =IF(COUNTIF(D81:K81,"?")=8,"n/a",COUNTIF(D81:K81,"Yes")+0.5*COUNTIF(D81:K81,"Partial")) -> n/a | M81: =IFERROR(INDEX('Priority list'!$A$5:$A$200,MATCH(A81,'Priority list'!$B$5:$B$200,0)),IF(C81="Done","Done","-")) -> 42
A82: G-code parser for golden tests (every post lifts Z before XY) | B82: 1 | C82: Planned | D82: ? | E82: ? | F82: ? | G82: ? | H82: ? | I82: ? | J82: ? | K82: ? | L82: =IF(COUNTIF(D82:K82,"?")=8,"n/a",COUNTIF(D82:K82,"Yes")+0.5*COUNTIF(D82:K82,"Partial")) -> n/a | M82: =IFERROR(INDEX('Priority list'!$A$5:$A$200,MATCH(A82,'Priority list'!$B$5:$B$200,0)),IF(C82="Done","Done","-")) -> 43
A83: End-to-end test of a whole job through MCP and the scripted CLI | B83: 1f | C83: Planned | D83: ? | E83: ? | F83: ? | G83: ? | H83: ? | I83: ? | J83: ? | K83: ? | L83: =IF(COUNTIF(D83:K83,"?")=8,"n/a",COUNTIF(D83:K83,"Yes")+0.5*COUNTIF(D83:K83,"Partial")) -> n/a | M83: =IFERROR(INDEX('Priority list'!$A$5:$A$200,MATCH(A83,'Priority list'!$B$5:$B$200,0)),IF(C83="Done","Done","-")) -> 41
A84: Approval gate: a human releases the G-code file | B84: 1f | C84: Done | D84: ? | E84: ? | F84: ? | G84: ? | H84: ? | I84: ? | J84: ? | K84: ? | L84: =IF(COUNTIF(D84:K84,"?")=8,"n/a",COUNTIF(D84:K84,"Yes")+0.5*COUNTIF(D84:K84,"Partial")) -> n/a | M84: =IFERROR(INDEX('Priority list'!$A$5:$A$200,MATCH(A84,'Priority list'!$B$5:$B$200,0)),IF(C84="Done","Done","-")) -> 34
A85: Tool and feed selection by command | B85: 1f | C85: Planned | D85: ? | E85: ? | F85: ? | G85: ? | H85: ? | I85: ? | J85: ? | K85: ? | L85: =IF(COUNTIF(D85:K85,"?")=8,"n/a",COUNTIF(D85:K85,"Yes")+0.5*COUNTIF(D85:K85,"Partial")) -> n/a | M85: =IFERROR(INDEX('Priority list'!$A$5:$A$200,MATCH(A85,'Priority list'!$B$5:$B$200,0)),IF(C85="Done","Done","-")) -> 57
A86: Agent guide served to agents as an MCP resource; AI automation Help section | B86: 1f | C86: Done | D86: ? | E86: ? | F86: ? | G86: ? | H86: ? | I86: ? | J86: ? | K86: ? | L86: =IF(COUNTIF(D86:K86,"?")=8,"n/a",COUNTIF(D86:K86,"Yes")+0.5*COUNTIF(D86:K86,"Partial")) -> n/a | M86: =IFERROR(INDEX('Priority list'!$A$5:$A$200,MATCH(A86,'Priority list'!$B$5:$B$200,0)),IF(C86="Done","Done","-")) -> Done
A87: Profile extras: last-pass allowance, square corners, open-vector sides, start points | B87: 1c | C87: Planned | D87: ? | E87: ? | F87: ? | G87: ? | H87: ? | I87: ? | J87: ? | K87: ? | L87: =IF(COUNTIF(D87:K87,"?")=8,"n/a",COUNTIF(D87:K87,"Yes")+0.5*COUNTIF(D87:K87,"Partial")) -> n/a | M87: =IFERROR(INDEX('Priority list'!$A$5:$A$200,MATCH(A87,'Priority list'!$B$5:$B$200,0)),IF(C87="Done","Done","-")) -> 51
A88: V-carve extras: several passes, start points, joined runs, smoothing, auto-weld, multi-tool | B88: 1c | C88: Planned | D88: ? | E88: ? | F88: ? | G88: ? | H88: ? | I88: ? | J88: ? | K88: ? | L88: =IF(COUNTIF(D88:K88,"?")=8,"n/a",COUNTIF(D88:K88,"Yes")+0.5*COUNTIF(D88:K88,"Partial")) -> n/a | M88: =IFERROR(INDEX('Priority list'!$A$5:$A$200,MATCH(A88,'Priority list'!$B$5:$B$200,0)),IF(C88="Done","Done","-")) -> 59
A89: Multi-tool rest clearing | B89: 1c | C89: Planned | D89: ? | E89: ? | F89: ? | G89: ? | H89: ? | I89: Yes | J89: Yes | K89: ? | L89: =IF(COUNTIF(D89:K89,"?")=8,"n/a",COUNTIF(D89:K89,"Yes")+0.5*COUNTIF(D89:K89,"Partial")) -> 2 | M89: =IFERROR(INDEX('Priority list'!$A$5:$A$200,MATCH(A89,'Priority list'!$B$5:$B$200,0)),IF(C89="Done","Done","-")) -> 45
A90: Auto-inlay | B90: 1c | C90: Planned | D90: ? | E90: ? | F90: ? | G90: ? | H90: ? | I90: ? | J90: ? | K90: ? | L90: =IF(COUNTIF(D90:K90,"?")=8,"n/a",COUNTIF(D90:K90,"Yes")+0.5*COUNTIF(D90:K90,"Partial")) -> n/a | M90: =IFERROR(INDEX('Priority list'!$A$5:$A$200,MATCH(A90,'Priority list'!$B$5:$B$200,0)),IF(C90="Done","Done","-")) -> 35
... A133: Translation of the CAM screens and help pages | B133: Last | C133: Planned | D133: ? | E133: ? | F133: ? | G133: ? | H133: ? | I133: ? | J133: ? | K133: ? | L133: =IF(COUNTIF(D133:K133,"?")=8,"n/a",COUNTIF(D133:K133,"Yes")+0.5*COUNTIF(D133:K133,"Partial")) -> n/a | M133: =IFERROR(INDEX('Priority list'!$A$5:$A$200,MATCH(A133,'Priority list'!$B$5:$B$200,0)),IF(C133="Done","Done","-")) -> 83

Sheet Summary
A1: Counts from the Matrix sheet (formulas)
A3: Product | B3: Done / Yes | C3: Partial | D3: Planned | E3: No / Not planned | F3: ? (unconfirmed) | G3: Score: (Yes + half of Partial) / rated rows
A4: LibreCarve | B4: =COUNTIF(Matrix!C8:C77,"Done")+COUNTIF(Matrix!C8:C77,"Yes") -> 34 | C4: =COUNTIF(Matrix!C8:C77,"Partial") -> 10 | D4: =COUNTIF(Matrix!C8:C77,"Planned") -> 15 | E4: =COUNTIF(Matrix!C8:C77,"No")+COUNTIF(Matrix!C8:C77,"Not planned") -> 3 | F4: =COUNTIF(Matrix!C8:C77,"?") -> 0 | G4: =IFERROR((B4+0.5*C4)/(B4+C4+D4+E4),0) -> 0.62903226
A5: FreeCAD | B5: =COUNTIF(Matrix!D8:D77,"Done")+COUNTIF(Matrix!D8:D77,"Yes") -> 32 | C5: =COUNTIF(Matrix!D8:D77,"Partial") -> 13 | D5: =COUNTIF(Matrix!D8:D77,"Planned") -> 0 | E5: =COUNTIF(Matrix!D8:D77,"No")+COUNTIF(Matrix!D8:D77,"Not planned") -> 16 | F5: =COUNTIF(Matrix!D8:D77,"?") -> 1 | G5: =IFERROR((B5+0.5*C5)/(B5+C5+D5+E5),0) -> 0.63114754
A6: Carbide Create Pro | B6: =COUNTIF(Matrix!E8:E77,"Done")+COUNTIF(Matrix!E8:E77,"Yes") -> 28 | C6: =COUNTIF(Matrix!E8:E77,"Partial") -> 6 | D6: =COUNTIF(Matrix!E8:E77,"Planned") -> 0 | E6: =COUNTIF(Matrix!E8:E77,"No")+COUNTIF(Matrix!E8:E77,"Not planned") -> 18 | F6: =COUNTIF(Matrix!E8:E77,"?") -> 10 | G6: =IFERROR((B6+0.5*C6)/(B6+C6+D6+E6),0) -> 0.59615385
A7: Easel | B7: =COUNTIF(Matrix!F8:F77,"Done")+COUNTIF(Matrix!F8:F77,"Yes") -> 4 | C7: =COUNTIF(Matrix!F8:F77,"Partial") -> 8 | D7: =COUNTIF(Matrix!F8:F77,"Planned") -> 0 | E7: =COUNTIF(Matrix!F8:F77,"No")+COUNTIF(Matrix!F8:F77,"Not planned") -> 38 | F7: =COUNTIF(Matrix!F8:F77,"?") -> 12 | G7: =IFERROR((B7+0.5*C7)/(B7+C7+D7+E7),0) -> 0.16
A8: Easel Pro | B8: =COUNTIF(Matrix!G8:G77,"Done")+COUNTIF(Matrix!G8:G77,"Yes") -> 19 | C8: =COUNTIF(Matrix!G8:G77,"Partial") -> 7 | D8: =COUNTIF(Matrix!G8:G77,"Planned") -> 0 | E8: =COUNTIF(Matrix!G8:G77,"No")+COUNTIF(Matrix!G8:G77,"Not planned") -> 35 | F8: =COUNTIF(Matrix!G8:G77,"?") -> 1 | G8: =IFERROR((B8+0.5*C8)/(B8+C8+D8+E8),0) -> 0.36885246
A9: Fusion 360 | B9: =COUNTIF(Matrix!H8:H77,"Done")+COUNTIF(Matrix!H8:H77,"Yes") -> 42 | C9: =COUNTIF(Matrix!H8:H77,"Partial") -> 5 | D9: =COUNTIF(Matrix!H8:H77,"Planned") -> 0 | E9: =COUNTIF(Matrix!H8:H77,"No")+COUNTIF(Matrix!H8:H77,"Not planned") -> 14 | F9: =COUNTIF(Matrix!H8:H77,"?") -> 1 | G9: =IFERROR((B9+0.5*C9)/(B9+C9+D9+E9),0) -> 0.7295082
A10: VCarve Pro | B10: =COUNTIF(Matrix!I8:I77,"Done")+COUNTIF(Matrix!I8:I77,"Yes") -> 44 | C10: =COUNTIF(Matrix!I8:I77,"Partial") -> 4 | D10: =COUNTIF(Matrix!I8:I77,"Planned") -> 0 | E10: =COUNTIF(Matrix!I8:I77,"No")+COUNTIF(Matrix!I8:I77,"Not planned") -> 10 | F10: =COUNTIF(Matrix!I8:I77,"?") -> 4 | G10: =IFERROR((B10+0.5*C10)/(B10+C10+D10+E10),0) -> 0.79310345
A11: Aspire | B11: =COUNTIF(Matrix!J8:J77,"Done")+COUNTIF(Matrix!J8:J77,"Yes") -> 47 | C11: =COUNTIF(Matrix!J8:J77,"Partial") -> 3 | D11: =COUNTIF(Matrix!J8:J77,"Planned") -> 0 | E11: =COUNTIF(Matrix!J8:J77,"No")+COUNTIF(Matrix!J8:J77,"Not planned") -> 9 | F11: =COUNTIF(Matrix!J8:J77,"?") -> 3 | G11: =IFERROR((B11+0.5*C11)/(B11+C11+D11+E11),0) -> 0.8220339
A12: Mastercam | B12: =COUNTIF(Matrix!K8:K77,"Done")+COUNTIF(Matrix!K8:K77,"Yes") -> 41 | C12: =COUNTIF(Matrix!K8:K77,"Partial") -> 2 | D12: =COUNTIF(Matrix!K8:K77,"Planned") -> 0 | E12: =COUNTIF(Matrix!K8:K77,"No")+COUNTIF(Matrix!K8:K77,"Not planned") -> 15 | F12: =COUNTIF(Matrix!K8:K77,"?") -> 4 | G12: =IFERROR((B12+0.5*C12)/(B12+C12+D12+E12),0) -> 0.72413793
A15: Score counts a Partial as half. Planned and No both count as not available. Rows marked ? are not in the score. Section 9 (other planned work) is left out of the counts because rivals are not rated on it. It is a rough guide to breadth, not a quality rating.

Sheet Prices and sources
A1: Prices and where they came from (read October 2026)
A3: Product | B3: Price | C3: Licence | D3: Source | E3: Confidence
A4: LibreCarve | B4: $0 | C4: Open source, no editions | D4: Repo | E4: Exact
A5: FreeCAD | B5: $0 | C5: Open source | D5: Project | E5: Exact
A6: gSender | B6: $0 | C6: Free G-code sender | D6: Sienci Labs | E6: Known, not rechecked
A7: Inkscape | B7: $0 | C7: Open source vector editor | D7: Project | E7: Known, not rechecked
A8: Carbide Create Pro | B8: $120/year, or $360 once (+$120/year for updates after the first year) | C8: Subscription or perpetual | D8: https://carbide3d.com/carbidecreate/buy/ | E8: Vendor page
A9: Easel | B9: Free (1 export/week); Starter $72/year; Pro $216/year or $599 for 3 years | C9: Subscription | D9: https://support.easel.com/hc/en-us/articles/52649769958163-Easel-Plans-Pricing | E9: Vendor page
A10: Fusion 360 | B10: $680/year ($85/month); free for non-commercial personal use, 3 years | C10: Subscription | D10: https://vagon.io/blog/fusion-360-pricing (summary of Autodesk's page, checked Aug 2026) | E10: Third-party summary
A11: Vectric VCarve Pro / Aspire | B11: VCarve Pro $699; Aspire $1,995 | C11: Perpetual | D11: https://www.onefinitycnc.com/product-page/v-carve-pro (retailer) | E11: Retailer listing, not Vectric's own site
A12: Mastercam | B12: No public price. Estimates: about $6,000-$15,000 perpetual plus yearly maintenance; a 2017 forum post quoted $5,000/year for 3-axis milling | C12: Subscription or perpetual, by quote | D12: https://nexgensolutions.com/fusion-vs-mastercam/ ; https://www.practicalmachinist.com/forum/threads/talk-me-out-of-buying-mastercam.336561/ | E12: Low: estimate
